"Index","KernelName","gpu-id","queue-id","queue-index","pid","tid","grd","wgr","lds","scr","arch_vgpr","accum_vgpr","sgpr","wave_size","sig","obj","DispatchNs","BeginNs","EndNs","CompleteNs","DurationNs"
0,"void at::native::(anonymous namespace)::distribution_elementwise_grid_stride_kernel<float, 4, at::native::templates::cuda::uniform_and_transform<float, float, at::CUDAGeneratorImpl*, at::native::templates::cuda::uniform_kernel<at::CUDAGeneratorImpl*>(at::TensorIteratorBase&, double, double, at::CUDAGeneratorImpl*)::{lambda()#1}::operator()() const::{lambda()#2}::operator()() const::{lambda(float)#1}>(at::TensorIteratorBase&, at::CUDAGeneratorImpl*, at::native::templates::cuda::uniform_kernel<at::CUDAGeneratorImpl*>(at::TensorIteratorBase&, double, double, at::CUDAGeneratorImpl*)::{lambda()#1}::operator()() const::{lambda()#2}::operator()() const::{lambda(float)#1})::{lambda(hiprandStatePhilox4_32_10*)#2}, at::native::(anonymous namespace)::distribution_nullary_kernel<float, float, HIP_vector_type<float, 4u>, at::CUDAGeneratorImpl*, at::native::templates::cuda::uniform_and_transform<float, float, at::CUDAGeneratorImpl*, at::native::templates::cuda::uniform_kernel<at::CUDAGeneratorImpl*>(at::TensorIteratorBase&, double, double, at::CUDAGeneratorImpl*)::{lambda()#1}::operator()() const::{lambda()#2}::operator()() const::{lambda(float)#1}>(at::TensorIteratorBase&, at::CUDAGeneratorImpl*, at::native::templates::cuda::uniform_kernel<at::CUDAGeneratorImpl*>(at::TensorIteratorBase&, double, double, at::CUDAGeneratorImpl*)::{lambda()#1}::operator()() const::{lambda()#2}::operator()() const::{lambda(float)#1})::{lambda(hiprandStatePhilox4_32_10*)#2}, at::native::templates::cuda::uniform_kernel<at::CUDAGeneratorImpl*>(at::TensorIteratorBase&, double, double, at::CUDAGeneratorImpl*)::{lambda()#1}::operator()() const::{lambda()#2}::operator()() const::{lambda(float)#1}>(at::TensorIteratorBase&, at::CUDAGeneratorImpl*, at::native::templates::cuda::uniform_and_transform<float, float, at::CUDAGeneratorImpl*, at::native::templates::cuda::uniform_kernel<at::CUDAGeneratorImpl*>(at::TensorIteratorBase&, double, double, at::CUDAGeneratorImpl*)::{lambda()#1}::operator()() const::{lambda()#2}::operator()() const::{lambda(float)#1}>(at::TensorIteratorBase&, at::CUDAGeneratorImpl*, at::native::templates::cuda::uniform_kernel<at::CUDAGeneratorImpl*>(at::TensorIteratorBase&, double, double, at::CUDAGeneratorImpl*)::{lambda()#1}::operator()() const::{lambda()#2}::operator()() const::{lambda(float)#1})::{lambda(hiprandStatePhilox4_32_10*)#2} const&, at::native::templates::cuda::uniform_kernel<at::CUDAGeneratorImpl*>(at::TensorIteratorBase&, double, double, at::CUDAGeneratorImpl*)::{lambda()#1}::operator()() const::{lambda()#2}::operator()() const::{lambda(float)#1})::{lambda(int, float)#1}>(long, at::PhiloxCudaState, at::native::templates::cuda::uniform_and_transform<float, float, at::CUDAGeneratorImpl*, at::native::templates::cuda::uniform_kernel<at::CUDAGeneratorImpl*>(at::TensorIteratorBase&, double, double, at::CUDAGeneratorImpl*)::{lambda()#1}::operator()() const::{lambda()#2}::operator()() const::{lambda(float)#1}>(at::TensorIteratorBase&, at::CUDAGeneratorImpl*, at::native::templates::cuda::uniform_kernel<at::CUDAGeneratorImpl*>(at::TensorIteratorBase&, double, double, at::CUDAGeneratorImpl*)::{lambda()#1}::operator()() const::{lambda()#2}::operator()() const::{lambda(float)#1})::{lambda(hiprandStatePhilox4_32_10*)#2}, at::native::(anonymous namespace)::distribution_nullary_kernel<float, float, HIP_vector_type<float, 4u>, at::CUDAGeneratorImpl*, at::native::templates::cuda::uniform_and_transform<float, float, at::CUDAGeneratorImpl*, at::native::templates::cuda::uniform_kernel<at::CUDAGeneratorImpl*>(at::TensorIteratorBase&, double, double, at::CUDAGeneratorImpl*)::{lambda()#1}::operator()() const::{lambda()#2}::operator()() const::{lambda(float)#1}>(at::TensorIteratorBase&, at::CUDAGeneratorImpl*, at::native::templates::cuda::uniform_kernel<at::CUDAGeneratorImpl*>(at::TensorIteratorBase&, double, double, at::CUDAGeneratorImpl*)::{lambda()#1}::operator()() const::{lambda()#2}::operator()() const::{lambda(float)#1})::{lambda(hiprandStatePhilox4_32_10*)#2}, at::native::templates::cuda::uniform_kernel<at::CUDAGeneratorImpl*>(at::TensorIteratorBase&, double, double, at::CUDAGeneratorImpl*)::{lambda()#1}::operator()() const::{lambda()#2}::operator()() const::{lambda(float)#1}>(at::TensorIteratorBase&, at::CUDAGeneratorImpl*, at::native::templates::cuda::uniform_and_transform<float, float, at::CUDAGeneratorImpl*, at::native::templates::cuda::uniform_kernel<at::CUDAGeneratorImpl*>(at::TensorIteratorBase&, double, double, at::CUDAGeneratorImpl*)::{lambda()#1}::operator()() const::{lambda()#2}::operator()() const::{lambda(float)#1}>(at::TensorIteratorBase&, at::CUDAGeneratorImpl*, at::native::templates::cuda::uniform_kernel<at::CUDAGeneratorImpl*>(at::TensorIteratorBase&, double, double, at::CUDAGeneratorImpl*)::{lambda()#1}::operator()() const::{lambda()#2}::operator()() const::{lambda(float)#1})::{lambda(hiprandStatePhilox4_32_10*)#2} const&, at::native::templates::cuda::uniform_kernel<at::CUDAGeneratorImpl*>(at::TensorIteratorBase&, double, double, at::CUDAGeneratorImpl*)::{lambda()#1}::operator()() const::{lambda()#2}::operator()() const::{lambda(float)#1})::{lambda(int, float)#1}) [clone .kd]",8,0,0,4250,4250,524288,256,0,0,32,0,48,64,"0x0","0x73e536ceba40",8901377134122921,8901377134233720,8901377134271760,8901377134277459,38040
1,"void at::native::vectorized_elementwise_kernel<4, at::native::BUnaryFunctor<float, float, float, at::native::binary_internal::MulFunctor<float> >, std::array<char*, 2ul> >(int, at::native::BUnaryFunctor<float, float, float, at::native::binary_internal::MulFunctor<float> >, std::array<char*, 2ul>) [clone .kd]",8,0,1,4250,4250,8388608,256,0,0,8,0,32,64,"0x0","0x73a4f8c49840",8901377150112210,8901377150128896,8901377150168056,8901377150169449,39160
2,"void at::native::vectorized_elementwise_kernel<4, at::native::float8_copy_kernel_cuda(at::TensorIteratorBase&)::{lambda(float)#1}, std::array<char*, 2ul> >(int, at::native::float8_copy_kernel_cuda(at::TensorIteratorBase&)::{lambda(float)#1}, std::array<char*, 2ul>) [clone .kd]",8,0,2,4250,4250,2097152,256,0,0,20,0,48,64,"0x0","0x73a4bca700c0",8901377165673264,8901377165688549,8901377165714990,8901377165715773,26441
3,"void at::native::(anonymous namespace)::distribution_elementwise_grid_stride_kernel<float, 4, at::native::templates::cuda::uniform_and_transform<float, float, at::CUDAGeneratorImpl*, at::native::templates::cuda::uniform_kernel<at::CUDAGeneratorImpl*>(at::TensorIteratorBase&, double, double, at::CUDAGeneratorImpl*)::{lambda()#1}::operator()() const::{lambda()#2}::operator()() const::{lambda(float)#1}>(at::TensorIteratorBase&, at::CUDAGeneratorImpl*, at::native::templates::cuda::uniform_kernel<at::CUDAGeneratorImpl*>(at::TensorIteratorBase&, double, double, at::CUDAGeneratorImpl*)::{lambda()#1}::operator()() const::{lambda()#2}::operator()() const::{lambda(float)#1})::{lambda(hiprandStatePhilox4_32_10*)#2}, at::native::(anonymous namespace)::distribution_nullary_kernel<float, float, HIP_vector_type<float, 4u>, at::CUDAGeneratorImpl*, at::native::templates::cuda::uniform_and_transform<float, float, at::CUDAGeneratorImpl*, at::native::templates::cuda::uniform_kernel<at::CUDAGeneratorImpl*>(at::TensorIteratorBase&, double, double, at::CUDAGeneratorImpl*)::{lambda()#1}::operator()() const::{lambda()#2}::operator()() const::{lambda(float)#1}>(at::TensorIteratorBase&, at::CUDAGeneratorImpl*, at::native::templates::cuda::uniform_kernel<at::CUDAGeneratorImpl*>(at::TensorIteratorBase&, double, double, at::CUDAGeneratorImpl*)::{lambda()#1}::operator()() const::{lambda()#2}::operator()() const::{lambda(float)#1})::{lambda(hiprandStatePhilox4_32_10*)#2}, at::native::templates::cuda::uniform_kernel<at::CUDAGeneratorImpl*>(at::TensorIteratorBase&, double, double, at::CUDAGeneratorImpl*)::{lambda()#1}::operator()() const::{lambda()#2}::operator()() const::{lambda(float)#1}>(at::TensorIteratorBase&, at::CUDAGeneratorImpl*, at::native::templates::cuda::uniform_and_transform<float, float, at::CUDAGeneratorImpl*, at::native::templates::cuda::uniform_kernel<at::CUDAGeneratorImpl*>(at::TensorIteratorBase&, double, double, at::CUDAGeneratorImpl*)::{lambda()#1}::operator()() const::{lambda()#2}::operator()() const::{lambda(float)#1}>(at::TensorIteratorBase&, at::CUDAGeneratorImpl*, at::native::templates::cuda::uniform_kernel<at::CUDAGeneratorImpl*>(at::TensorIteratorBase&, double, double, at::CUDAGeneratorImpl*)::{lambda()#1}::operator()() const::{lambda()#2}::operator()() const::{lambda(float)#1})::{lambda(hiprandStatePhilox4_32_10*)#2} const&, at::native::templates::cuda::uniform_kernel<at::CUDAGeneratorImpl*>(at::TensorIteratorBase&, double, double, at::CUDAGeneratorImpl*)::{lambda()#1}::operator()() const::{lambda()#2}::operator()() const::{lambda(float)#1})::{lambda(int, float)#1}>(long, at::PhiloxCudaState, at::native::templates::cuda::uniform_and_transform<float, float, at::CUDAGeneratorImpl*, at::native::templates::cuda::uniform_kernel<at::CUDAGeneratorImpl*>(at::TensorIteratorBase&, double, double, at::CUDAGeneratorImpl*)::{lambda()#1}::operator()() const::{lambda()#2}::operator()() const::{lambda(float)#1}>(at::TensorIteratorBase&, at::CUDAGeneratorImpl*, at::native::templates::cuda::uniform_kernel<at::CUDAGeneratorImpl*>(at::TensorIteratorBase&, double, double, at::CUDAGeneratorImpl*)::{lambda()#1}::operator()() const::{lambda()#2}::operator()() const::{lambda(float)#1})::{lambda(hiprandStatePhilox4_32_10*)#2}, at::native::(anonymous namespace)::distribution_nullary_kernel<float, float, HIP_vector_type<float, 4u>, at::CUDAGeneratorImpl*, at::native::templates::cuda::uniform_and_transform<float, float, at::CUDAGeneratorImpl*, at::native::templates::cuda::uniform_kernel<at::CUDAGeneratorImpl*>(at::TensorIteratorBase&, double, double, at::CUDAGeneratorImpl*)::{lambda()#1}::operator()() const::{lambda()#2}::operator()() const::{lambda(float)#1}>(at::TensorIteratorBase&, at::CUDAGeneratorImpl*, at::native::templates::cuda::uniform_kernel<at::CUDAGeneratorImpl*>(at::TensorIteratorBase&, double, double, at::CUDAGeneratorImpl*)::{lambda()#1}::operator()() const::{lambda()#2}::operator()() const::{lambda(float)#1})::{lambda(hiprandStatePhilox4_32_10*)#2}, at::native::templates::cuda::uniform_kernel<at::CUDAGeneratorImpl*>(at::TensorIteratorBase&, double, double, at::CUDAGeneratorImpl*)::{lambda()#1}::operator()() const::{lambda()#2}::operator()() const::{lambda(float)#1}>(at::TensorIteratorBase&, at::CUDAGeneratorImpl*, at::native::templates::cuda::uniform_and_transform<float, float, at::CUDAGeneratorImpl*, at::native::templates::cuda::uniform_kernel<at::CUDAGeneratorImpl*>(at::TensorIteratorBase&, double, double, at::CUDAGeneratorImpl*)::{lambda()#1}::operator()() const::{lambda()#2}::operator()() const::{lambda(float)#1}>(at::TensorIteratorBase&, at::CUDAGeneratorImpl*, at::native::templates::cuda::uniform_kernel<at::CUDAGeneratorImpl*>(at::TensorIteratorBase&, double, double, at::CUDAGeneratorImpl*)::{lambda()#1}::operator()() const::{lambda()#2}::operator()() const::{lambda(float)#1})::{lambda(hiprandStatePhilox4_32_10*)#2} const&, at::native::templates::cuda::uniform_kernel<at::CUDAGeneratorImpl*>(at::TensorIteratorBase&, double, double, at::CUDAGeneratorImpl*)::{lambda()#1}::operator()() const::{lambda()#2}::operator()() const::{lambda(float)#1})::{lambda(int, float)#1}) [clone .kd]",8,0,3,4250,4250,524288,256,0,0,32,0,48,64,"0x0","0x73e536ceba40",8901377165766293,8901377165776670,8901377165783830,8901377165783802,7160
4,"void at::native::vectorized_elementwise_kernel<4, at::native::BUnaryFunctor<float, float, float, at::native::binary_internal::MulFunctor<float> >, std::array<char*, 2ul> >(int, at::native::BUnaryFunctor<float, float, float, at::native::binary_internal::MulFunctor<float> >, std::array<char*, 2ul>) [clone .kd]",8,0,4,4250,4250,524288,256,0,0,8,0,32,64,"0x0","0x73a4f8c49840",8901377165803902,8901377165812750,8901377165817430,8901377165817722,4680
5,"void at::native::vectorized_elementwise_kernel<4, at::native::float8_copy_kernel_cuda(at::TensorIteratorBase&)::{lambda(float)#1}, std::array<char*, 2ul> >(int, at::native::float8_copy_kernel_cuda(at::TensorIteratorBase&)::{lambda(float)#1}, std::array<char*, 2ul>) [clone .kd]",8,0,5,4250,4250,131072,256,0,0,20,0,48,64,"0x0","0x73a4bca700c0",8901377165832352,8901377165841231,8901377165845911,8901377165846162,4680
6,"void at::native::(anonymous namespace)::distribution_elementwise_grid_stride_kernel<float, 4, at::native::templates::cuda::uniform_and_transform<float, float, at::CUDAGeneratorImpl*, at::native::templates::cuda::uniform_kernel<at::CUDAGeneratorImpl*>(at::TensorIteratorBase&, double, double, at::CUDAGeneratorImpl*)::{lambda()#1}::operator()() const::{lambda()#2}::operator()() const::{lambda(float)#1}>(at::TensorIteratorBase&, at::CUDAGeneratorImpl*, at::native::templates::cuda::uniform_kernel<at::CUDAGeneratorImpl*>(at::TensorIteratorBase&, double, double, at::CUDAGeneratorImpl*)::{lambda()#1}::operator()() const::{lambda()#2}::operator()() const::{lambda(float)#1})::{lambda(hiprandStatePhilox4_32_10*)#2}, at::native::(anonymous namespace)::distribution_nullary_kernel<float, float, HIP_vector_type<float, 4u>, at::CUDAGeneratorImpl*, at::native::templates::cuda::uniform_and_transform<float, float, at::CUDAGeneratorImpl*, at::native::templates::cuda::uniform_kernel<at::CUDAGeneratorImpl*>(at::TensorIteratorBase&, double, double, at::CUDAGeneratorImpl*)::{lambda()#1}::operator()() const::{lambda()#2}::operator()() const::{lambda(float)#1}>(at::TensorIteratorBase&, at::CUDAGeneratorImpl*, at::native::templates::cuda::uniform_kernel<at::CUDAGeneratorImpl*>(at::TensorIteratorBase&, double, double, at::CUDAGeneratorImpl*)::{lambda()#1}::operator()() const::{lambda()#2}::operator()() const::{lambda(float)#1})::{lambda(hiprandStatePhilox4_32_10*)#2}, at::native::templates::cuda::uniform_kernel<at::CUDAGeneratorImpl*>(at::TensorIteratorBase&, double, double, at::CUDAGeneratorImpl*)::{lambda()#1}::operator()() const::{lambda()#2}::operator()() const::{lambda(float)#1}>(at::TensorIteratorBase&, at::CUDAGeneratorImpl*, at::native::templates::cuda::uniform_and_transform<float, float, at::CUDAGeneratorImpl*, at::native::templates::cuda::uniform_kernel<at::CUDAGeneratorImpl*>(at::TensorIteratorBase&, double, double, at::CUDAGeneratorImpl*)::{lambda()#1}::operator()() const::{lambda()#2}::operator()() const::{lambda(float)#1}>(at::TensorIteratorBase&, at::CUDAGeneratorImpl*, at::native::templates::cuda::uniform_kernel<at::CUDAGeneratorImpl*>(at::TensorIteratorBase&, double, double, at::CUDAGeneratorImpl*)::{lambda()#1}::operator()() const::{lambda()#2}::operator()() const::{lambda(float)#1})::{lambda(hiprandStatePhilox4_32_10*)#2} const&, at::native::templates::cuda::uniform_kernel<at::CUDAGeneratorImpl*>(at::TensorIteratorBase&, double, double, at::CUDAGeneratorImpl*)::{lambda()#1}::operator()() const::{lambda()#2}::operator()() const::{lambda(float)#1})::{lambda(int, float)#1}>(long, at::PhiloxCudaState, at::native::templates::cuda::uniform_and_transform<float, float, at::CUDAGeneratorImpl*, at::native::templates::cuda::uniform_kernel<at::CUDAGeneratorImpl*>(at::TensorIteratorBase&, double, double, at::CUDAGeneratorImpl*)::{lambda()#1}::operator()() const::{lambda()#2}::operator()() const::{lambda(float)#1}>(at::TensorIteratorBase&, at::CUDAGeneratorImpl*, at::native::templates::cuda::uniform_kernel<at::CUDAGeneratorImpl*>(at::TensorIteratorBase&, double, double, at::CUDAGeneratorImpl*)::{lambda()#1}::operator()() const::{lambda()#2}::operator()() const::{lambda(float)#1})::{lambda(hiprandStatePhilox4_32_10*)#2}, at::native::(anonymous namespace)::distribution_nullary_kernel<float, float, HIP_vector_type<float, 4u>, at::CUDAGeneratorImpl*, at::native::templates::cuda::uniform_and_transform<float, float, at::CUDAGeneratorImpl*, at::native::templates::cuda::uniform_kernel<at::CUDAGeneratorImpl*>(at::TensorIteratorBase&, double, double, at::CUDAGeneratorImpl*)::{lambda()#1}::operator()() const::{lambda()#2}::operator()() const::{lambda(float)#1}>(at::TensorIteratorBase&, at::CUDAGeneratorImpl*, at::native::templates::cuda::uniform_kernel<at::CUDAGeneratorImpl*>(at::TensorIteratorBase&, double, double, at::CUDAGeneratorImpl*)::{lambda()#1}::operator()() const::{lambda()#2}::operator()() const::{lambda(float)#1})::{lambda(hiprandStatePhilox4_32_10*)#2}, at::native::templates::cuda::uniform_kernel<at::CUDAGeneratorImpl*>(at::TensorIteratorBase&, double, double, at::CUDAGeneratorImpl*)::{lambda()#1}::operator()() const::{lambda()#2}::operator()() const::{lambda(float)#1}>(at::TensorIteratorBase&, at::CUDAGeneratorImpl*, at::native::templates::cuda::uniform_and_transform<float, float, at::CUDAGeneratorImpl*, at::native::templates::cuda::uniform_kernel<at::CUDAGeneratorImpl*>(at::TensorIteratorBase&, double, double, at::CUDAGeneratorImpl*)::{lambda()#1}::operator()() const::{lambda()#2}::operator()() const::{lambda(float)#1}>(at::TensorIteratorBase&, at::CUDAGeneratorImpl*, at::native::templates::cuda::uniform_kernel<at::CUDAGeneratorImpl*>(at::TensorIteratorBase&, double, double, at::CUDAGeneratorImpl*)::{lambda()#1}::operator()() const::{lambda()#2}::operator()() const::{lambda(float)#1})::{lambda(hiprandStatePhilox4_32_10*)#2} const&, at::native::templates::cuda::uniform_kernel<at::CUDAGeneratorImpl*>(at::TensorIteratorBase&, double, double, at::CUDAGeneratorImpl*)::{lambda()#1}::operator()() const::{lambda()#2}::operator()() const::{lambda(float)#1})::{lambda(int, float)#1}) [clone .kd]",8,0,6,4250,4250,262144,256,0,0,32,0,48,64,"0x0","0x73e536ceba40",8901377165879891,8901377165888831,8901377165893151,8901377165895781,4320
7,"void at::native::(anonymous namespace)::distribution_elementwise_grid_stride_kernel<float, 4, at::native::templates::cuda::uniform_and_transform<float, float, at::CUDAGeneratorImpl*, at::native::templates::cuda::uniform_kernel<at::CUDAGeneratorImpl*>(at::TensorIteratorBase&, double, double, at::CUDAGeneratorImpl*)::{lambda()#1}::operator()() const::{lambda()#2}::operator()() const::{lambda(float)#1}>(at::TensorIteratorBase&, at::CUDAGeneratorImpl*, at::native::templates::cuda::uniform_kernel<at::CUDAGeneratorImpl*>(at::TensorIteratorBase&, double, double, at::CUDAGeneratorImpl*)::{lambda()#1}::operator()() const::{lambda()#2}::operator()() const::{lambda(float)#1})::{lambda(hiprandStatePhilox4_32_10*)#2}, at::native::(anonymous namespace)::distribution_nullary_kernel<float, float, HIP_vector_type<float, 4u>, at::CUDAGeneratorImpl*, at::native::templates::cuda::uniform_and_transform<float, float, at::CUDAGeneratorImpl*, at::native::templates::cuda::uniform_kernel<at::CUDAGeneratorImpl*>(at::TensorIteratorBase&, double, double, at::CUDAGeneratorImpl*)::{lambda()#1}::operator()() const::{lambda()#2}::operator()() const::{lambda(float)#1}>(at::TensorIteratorBase&, at::CUDAGeneratorImpl*, at::native::templates::cuda::uniform_kernel<at::CUDAGeneratorImpl*>(at::TensorIteratorBase&, double, double, at::CUDAGeneratorImpl*)::{lambda()#1}::operator()() const::{lambda()#2}::operator()() const::{lambda(float)#1})::{lambda(hiprandStatePhilox4_32_10*)#2}, at::native::templates::cuda::uniform_kernel<at::CUDAGeneratorImpl*>(at::TensorIteratorBase&, double, double, at::CUDAGeneratorImpl*)::{lambda()#1}::operator()() const::{lambda()#2}::operator()() const::{lambda(float)#1}>(at::TensorIteratorBase&, at::CUDAGeneratorImpl*, at::native::templates::cuda::uniform_and_transform<float, float, at::CUDAGeneratorImpl*, at::native::templates::cuda::uniform_kernel<at::CUDAGeneratorImpl*>(at::TensorIteratorBase&, double, double, at::CUDAGeneratorImpl*)::{lambda()#1}::operator()() const::{lambda()#2}::operator()() const::{lambda(float)#1}>(at::TensorIteratorBase&, at::CUDAGeneratorImpl*, at::native::templates::cuda::uniform_kernel<at::CUDAGeneratorImpl*>(at::TensorIteratorBase&, double, double, at::CUDAGeneratorImpl*)::{lambda()#1}::operator()() const::{lambda()#2}::operator()() const::{lambda(float)#1})::{lambda(hiprandStatePhilox4_32_10*)#2} const&, at::native::templates::cuda::uniform_kernel<at::CUDAGeneratorImpl*>(at::TensorIteratorBase&, double, double, at::CUDAGeneratorImpl*)::{lambda()#1}::operator()() const::{lambda()#2}::operator()() const::{lambda(float)#1})::{lambda(int, float)#1}>(long, at::PhiloxCudaState, at::native::templates::cuda::uniform_and_transform<float, float, at::CUDAGeneratorImpl*, at::native::templates::cuda::uniform_kernel<at::CUDAGeneratorImpl*>(at::TensorIteratorBase&, double, double, at::CUDAGeneratorImpl*)::{lambda()#1}::operator()() const::{lambda()#2}::operator()() const::{lambda(float)#1}>(at::TensorIteratorBase&, at::CUDAGeneratorImpl*, at::native::templates::cuda::uniform_kernel<at::CUDAGeneratorImpl*>(at::TensorIteratorBase&, double, double, at::CUDAGeneratorImpl*)::{lambda()#1}::operator()() const::{lambda()#2}::operator()() const::{lambda(float)#1})::{lambda(hiprandStatePhilox4_32_10*)#2}, at::native::(anonymous namespace)::distribution_nullary_kernel<float, float, HIP_vector_type<float, 4u>, at::CUDAGeneratorImpl*, at::native::templates::cuda::uniform_and_transform<float, float, at::CUDAGeneratorImpl*, at::native::templates::cuda::uniform_kernel<at::CUDAGeneratorImpl*>(at::TensorIteratorBase&, double, double, at::CUDAGeneratorImpl*)::{lambda()#1}::operator()() const::{lambda()#2}::operator()() const::{lambda(float)#1}>(at::TensorIteratorBase&, at::CUDAGeneratorImpl*, at::native::templates::cuda::uniform_kernel<at::CUDAGeneratorImpl*>(at::TensorIteratorBase&, double, double, at::CUDAGeneratorImpl*)::{lambda()#1}::operator()() const::{lambda()#2}::operator()() const::{lambda(float)#1})::{lambda(hiprandStatePhilox4_32_10*)#2}, at::native::templates::cuda::uniform_kernel<at::CUDAGeneratorImpl*>(at::TensorIteratorBase&, double, double, at::CUDAGeneratorImpl*)::{lambda()#1}::operator()() const::{lambda()#2}::operator()() const::{lambda(float)#1}>(at::TensorIteratorBase&, at::CUDAGeneratorImpl*, at::native::templates::cuda::uniform_and_transform<float, float, at::CUDAGeneratorImpl*, at::native::templates::cuda::uniform_kernel<at::CUDAGeneratorImpl*>(at::TensorIteratorBase&, double, double, at::CUDAGeneratorImpl*)::{lambda()#1}::operator()() const::{lambda()#2}::operator()() const::{lambda(float)#1}>(at::TensorIteratorBase&, at::CUDAGeneratorImpl*, at::native::templates::cuda::uniform_kernel<at::CUDAGeneratorImpl*>(at::TensorIteratorBase&, double, double, at::CUDAGeneratorImpl*)::{lambda()#1}::operator()() const::{lambda()#2}::operator()() const::{lambda(float)#1})::{lambda(hiprandStatePhilox4_32_10*)#2} const&, at::native::templates::cuda::uniform_kernel<at::CUDAGeneratorImpl*>(at::TensorIteratorBase&, double, double, at::CUDAGeneratorImpl*)::{lambda()#1}::operator()() const::{lambda()#2}::operator()() const::{lambda(float)#1})::{lambda(int, float)#1}) [clone .kd]",8,0,7,4250,4250,256,256,0,0,32,0,48,64,"0x0","0x73e536ceba40",8901377165890681,8901377165900511,8901377165902151,8901377165904921,1640
8,"void at::native::elementwise_kernel_manual_unroll<128, 4, at::native::gpu_kernel_impl_nocast<at::native::direct_copy_kernel_cuda(at::TensorIteratorBase&)::{lambda()#3}::operator()() const::{lambda()#7}::operator()() const::{lambda(float)#1}>(at::TensorIteratorBase&, at::native::direct_copy_kernel_cuda(at::TensorIteratorBase&)::{lambda()#3}::operator()() const::{lambda()#7}::operator()() const::{lambda(float)#1} const&)::{lambda(int, bool)#1}>(int, at::native::gpu_kernel_impl_nocast<at::native::direct_copy_kernel_cuda(at::TensorIteratorBase&)::{lambda()#3}::operator()() const::{lambda()#7}::operator()() const::{lambda(float)#1}>(at::TensorIteratorBase&, at::native::direct_copy_kernel_cuda(at::TensorIteratorBase&)::{lambda()#3}::operator()() const::{lambda()#7}::operator()() const::{lambda(float)#1} const&)::{lambda(int, bool)#1}) [clone .kd]",8,0,8,4250,4250,65536,128,0,0,12,0,80,64,"0x0","0x73a4bca73b80",8901377166057169,8901377166068953,8901377166074673,8901377166075219,5720
9,"void at::native::elementwise_kernel_manual_unroll<128, 8, at::native::gpu_kernel_impl_nocast<at::native::float8_copy_kernel_cuda(at::TensorIteratorBase&)::{lambda(c10::Float8_e4m3fn)#1}>(at::TensorIteratorBase&, at::native::float8_copy_kernel_cuda(at::TensorIteratorBase&)::{lambda(c10::Float8_e4m3fn)#1} const&)::{lambda(int, bool)#1}>(int, at::native::gpu_kernel_impl_nocast<at::native::float8_copy_kernel_cuda(at::TensorIteratorBase&)::{lambda(c10::Float8_e4m3fn)#1}>(at::TensorIteratorBase&, at::native::float8_copy_kernel_cuda(at::TensorIteratorBase&)::{lambda(c10::Float8_e4m3fn)#1} const&)::{lambda(int, bool)#1}) [clone .kd]",8,0,9,4250,4250,262144,128,0,0,20,0,80,64,"0x0","0x73a4bca70600",8901377166159538,8901377166168513,8901377166176514,8901377166176537,8001
10,"void ck::kernel_gemm_xdl_cshuffle_v3_multi_d_blockscale_b_preshuffle<ck::GridwiseGemmMultiD_blockscale_xdl_cshuffle_v3_b_preshuffle<ck::tensor_layout::gemm::RowMajor, ck::tensor_layout::gemm::ColumnMajor, ck::Tuple<>, ck::tensor_layout::gemm::RowMajor, ck::f8_fnuz_t, ck::f8_fnuz_t, float, float, ck::Tuple<>, unsigned short, ck::tensor_operation::element_wise::PassThrough, ck::tensor_operation::element_wise::PassThrough, ck::tensor_operation::element_wise::PassThrough, (ck::tensor_operation::device::GemmSpecialization)0, 256, 1, 128, 128, 64, 64, 128, 16, 16, 16, 16, 4, 1, ck::Sequence<8, 32, 1>, ck::Sequence<1, 0, 2>, ck::Sequence<1, 0, 2>, 2, 16, 16, false, 0, ck::Sequence<8, 32, 1>, ck::Sequence<1, 0, 2>, ck::Sequence<1, 0, 2>, 2, 16, 16, false, 0, 2, 1, ck::Sequence<1, 32, 1, 8>, ck::Sequence<8>, (ck::BlockGemmPipelineScheduler)0, (ck::BlockGemmPipelineVersion)0, ck::f8_fnuz_t, ck::f8_fnuz_t, ck::f8_fnuz_t, ck::f8_fnuz_t>, true, (ck::InMemoryDataOperationEnum)0, 2, (ck::TailNumber)1>(ck::GridwiseGemmMultiD_blockscale_xdl_cshuffle_v3_b_preshuffle<ck::tensor_layout::gemm::RowMajor, ck::tensor_layout::gemm::ColumnMajor, ck::Tuple<>, ck::tensor_layout::gemm::RowMajor, ck::f8_fnuz_t, ck::f8_fnuz_t, float, float, ck::Tuple<>, unsigned short, ck::tensor_operation::element_wise::PassThrough, ck::tensor_operation::element_wise::PassThrough, ck::tensor_operation::element_wise::PassThrough, (ck::tensor_operation::device::GemmSpecialization)0, 256, 1, 128, 128, 64, 64, 128, 16, 16, 16, 16, 4, 1, ck::Sequence<8, 32, 1>, ck::Sequence<1, 0, 2>, ck::Sequence<1, 0, 2>, 2, 16, 16, false, 0, ck::Sequence<8, 32, 1>, ck::Sequence<1, 0, 2>, ck::Sequence<1, 0, 2>, 2, 16, 16, false, 0, 2, 1, ck::Sequence<1, 32, 1, 8>, ck::Sequence<8>, (ck::BlockGemmPipelineScheduler)0, (ck::BlockGemmPipelineVersion)0, ck::f8_fnuz_t, ck::f8_fnuz_t, ck::f8_fnuz_t, ck::f8_fnuz_t>::Argument) [clone .kd]",8,0,10,4250,4250,262144,256,8192,0,52,0,48,64,"0x0","0x73e536ca6f80",8901377566626516,8901377566653625,8901377566693905,8901377566701035,40280
11,"void ck::kernel_gemm_xdl_cshuffle_v3_multi_d_blockscale_b_preshuffle<ck::GridwiseGemmMultiD_blockscale_xdl_cshuffle_v3_b_preshuffle<ck::tensor_layout::gemm::RowMajor, ck::tensor_layout::gemm::ColumnMajor, ck::Tuple<>, ck::tensor_layout::gemm::RowMajor, ck::f8_fnuz_t, ck::f8_fnuz_t, float, float, ck::Tuple<>, unsigned short, ck::tensor_operation::element_wise::PassThrough, ck::tensor_operation::element_wise::PassThrough, ck::tensor_operation::element_wise::PassThrough, (ck::tensor_operation::device::GemmSpecialization)0, 256, 1, 128, 128, 64, 64, 128, 16, 16, 16, 16, 4, 1, ck::Sequence<8, 32, 1>, ck::Sequence<1, 0, 2>, ck::Sequence<1, 0, 2>, 2, 16, 16, false, 0, ck::Sequence<8, 32, 1>, ck::Sequence<1, 0, 2>, ck::Sequence<1, 0, 2>, 2, 16, 16, false, 0, 2, 1, ck::Sequence<1, 32, 1, 8>, ck::Sequence<8>, (ck::BlockGemmPipelineScheduler)0, (ck::BlockGemmPipelineVersion)0, ck::f8_fnuz_t, ck::f8_fnuz_t, ck::f8_fnuz_t, ck::f8_fnuz_t>, true, (ck::InMemoryDataOperationEnum)0, 2, (ck::TailNumber)1>(ck::GridwiseGemmMultiD_blockscale_xdl_cshuffle_v3_b_preshuffle<ck::tensor_layout::gemm::RowMajor, ck::tensor_layout::gemm::ColumnMajor, ck::Tuple<>, ck::tensor_layout::gemm::RowMajor, ck::f8_fnuz_t, ck::f8_fnuz_t, float, float, ck::Tuple<>, unsigned short, ck::tensor_operation::element_wise::PassThrough, ck::tensor_operation::element_wise::PassThrough, ck::tensor_operation::element_wise::PassThrough, (ck::tensor_operation::device::GemmSpecialization)0, 256, 1, 128, 128, 64, 64, 128, 16, 16, 16, 16, 4, 1, ck::Sequence<8, 32, 1>, ck::Sequence<1, 0, 2>, ck::Sequence<1, 0, 2>, 2, 16, 16, false, 0, ck::Sequence<8, 32, 1>, ck::Sequence<1, 0, 2>, ck::Sequence<1, 0, 2>, 2, 16, 16, false, 0, 2, 1, ck::Sequence<1, 32, 1, 8>, ck::Sequence<8>, (ck::BlockGemmPipelineScheduler)0, (ck::BlockGemmPipelineVersion)0, ck::f8_fnuz_t, ck::f8_fnuz_t, ck::f8_fnuz_t, ck::f8_fnuz_t>::Argument) [clone .kd]",8,0,12,4250,4250,262144,256,8192,0,52,0,48,64,"0x0","0x73e536ca6f80",8901377566755635,8901377566765985,8901377566798625,8901377566799064,32640
12,"void ck::kernel_gemm_xdl_cshuffle_v3_multi_d_blockscale_b_preshuffle<ck::GridwiseGemmMultiD_blockscale_xdl_cshuffle_v3_b_preshuffle<ck::tensor_layout::gemm::RowMajor, ck::tensor_layout::gemm::ColumnMajor, ck::Tuple<>, ck::tensor_layout::gemm::RowMajor, ck::f8_fnuz_t, ck::f8_fnuz_t, float, float, ck::Tuple<>, unsigned short, ck::tensor_operation::element_wise::PassThrough, ck::tensor_operation::element_wise::PassThrough, ck::tensor_operation::element_wise::PassThrough, (ck::tensor_operation::device::GemmSpecialization)0, 256, 1, 128, 128, 64, 64, 128, 16, 16, 16, 16, 4, 1, ck::Sequence<8, 32, 1>, ck::Sequence<1, 0, 2>, ck::Sequence<1, 0, 2>, 2, 16, 16, false, 0, ck::Sequence<8, 32, 1>, ck::Sequence<1, 0, 2>, ck::Sequence<1, 0, 2>, 2, 16, 16, false, 0, 2, 1, ck::Sequence<1, 32, 1, 8>, ck::Sequence<8>, (ck::BlockGemmPipelineScheduler)0, (ck::BlockGemmPipelineVersion)0, ck::f8_fnuz_t, ck::f8_fnuz_t, ck::f8_fnuz_t, ck::f8_fnuz_t>, true, (ck::InMemoryDataOperationEnum)0, 2, (ck::TailNumber)1>(ck::GridwiseGemmMultiD_blockscale_xdl_cshuffle_v3_b_preshuffle<ck::tensor_layout::gemm::RowMajor, ck::tensor_layout::gemm::ColumnMajor, ck::Tuple<>, ck::tensor_layout::gemm::RowMajor, ck::f8_fnuz_t, ck::f8_fnuz_t, float, float, ck::Tuple<>, unsigned short, ck::tensor_operation::element_wise::PassThrough, ck::tensor_operation::element_wise::PassThrough, ck::tensor_operation::element_wise::PassThrough, (ck::tensor_operation::device::GemmSpecialization)0, 256, 1, 128, 128, 64, 64, 128, 16, 16, 16, 16, 4, 1, ck::Sequence<8, 32, 1>, ck::Sequence<1, 0, 2>, ck::Sequence<1, 0, 2>, 2, 16, 16, false, 0, ck::Sequence<8, 32, 1>, ck::Sequence<1, 0, 2>, ck::Sequence<1, 0, 2>, 2, 16, 16, false, 0, 2, 1, ck::Sequence<1, 32, 1, 8>, ck::Sequence<8>, (ck::BlockGemmPipelineScheduler)0, (ck::BlockGemmPipelineVersion)0, ck::f8_fnuz_t, ck::f8_fnuz_t, ck::f8_fnuz_t, ck::f8_fnuz_t>::Argument) [clone .kd]",8,0,14,4250,4250,262144,256,8192,0,52,0,48,64,"0x0","0x73e536ca6f80",8901377566822084,8901377566832106,8901377566864666,8901377566864903,32560
