288	3072	1536	0	2026-09-09T21:18:02Z
288	3072	6144	0	2026-09-09T21:18:13Z
288	6144	2048	0	2026-09-09T21:18:23Z
304	3072	1536	0	2026-09-09T21:18:34Z
304	3072	6144	0	2026-09-09T21:18:43Z
304	6144	2048	0	2026-09-09T21:18:51Z
320	3072	1536	0	2026-09-09T21:19:01Z
320	3072	6144	0	2026-09-09T21:19:10Z
320	6144	2048	0	2026-09-09T21:19:19Z
336	3072	1536	0	2026-09-09T21:19:28Z
336	3072	6144	0	2026-09-09T21:19:37Z
336	6144	2048	0	2026-09-09T21:19:45Z
352	3072	1536	0	2026-09-09T21:19:55Z
352	3072	6144	0	2026-09-09T21:20:04Z
352	6144	2048	0	2026-09-09T21:20:13Z
